,Invoice ID,Customer type,Gender,Product line,Unit price (N),Quantity,Tax 5%,Total,Date,Time,Payment,cogs,gross margin percentage,gross income (N),Rating,Rating Category
0,750-67-8428,Member,Female,Health and beauty,26888.4,7.0,9410.94,197629.74,2019-01-05,13:08,Epay,188218.8,4.761904762,9410.94,9.1,High
1,631-41-3108,Normal,Male,Home and lifestyle,16678.8,7.0,5837.58,122589.18,2019-03-03,13:23,Card,116751.6,4.761904762,5837.58,7.4,Medium
2,123-19-1176,Member,Male,Health and beauty,20959.2,8.0,8383.68,176057.28,2019-01-27,20:33,Epay,167673.6,4.761904762,8383.68,8.4,High
3,373-73-7910,Normal,Male,Sports and travel,31071.6,7.0,10875.06,228376.26,2019-02-08,10:37,Epay,217501.2,4.761904762,10875.06,5.3,Medium
4,355-53-5943,Member,Female,Electronic accessories,24782.4,6.0,7434.72,156129.12,2019-02-25,14:36,Epay,148694.4,4.761904762,7434.72,5.8,Medium
5,665-32-9167,Member,Female,Health and beauty,13053.6,2.0,1305.36,27412.56,2019-01-10,17:15,Card,26107.2,4.761904762,1305.36,7.2,Medium
6,365-64-0515,Normal,Female,Electronic accessories,16902.0,5.0,4225.5,88735.5,2019-02-12,10:25,Epay,84510.0,4.761904762,4225.5,7.1,Medium
7,252-56-2699,Normal,Male,Food and beverages,15548.4,10.0,7774.2,163258.2,2019-02-07,16:48,Epay,155484.0,4.761904762,7774.2,8.2,High
8,829-34-3910,Normal,Female,Health and beauty,25696.8,10.0,12848.4,269816.4,2019-03-29,19:21,Cash,256968.0,4.761904762,12848.4,5.7,Medium
9,656-95-9349,Member,Female,Health and beauty,24814.8,7.0,8685.18,182388.78,2019-03-11,11:03,Card,173703.6,4.761904762,8685.18,4.6,Low
10,765-26-6951,Normal,Male,Sports and travel,26139.6,6.0,7841.88,164679.48,2019-01-01,10:39,Card,156837.6,4.761904762,7841.88,6.9,Medium
11,329-62-1586,Normal,Male,Food and beverages,19681.2,3.0,2952.18,61995.78,2019-01-21,18:00,Card,59043.6,4.761904762,2952.18,8.6,High
12,636-48-8204,Normal,Male,Electronic accessories,12441.6,5.0,3110.4,65318.4,2019-02-17,11:15,Epay,62208.0,4.761904762,3110.4,9.9,High
13,549-59-1358,Member,Male,Sports and travel,31906.8,3.0,4786.02,100506.42,2019-03-02,17:36,Epay,95720.4,4.761904762,4786.02,6.0,Medium
14,227-03-5010,Member,Female,Home and lifestyle,18932.4,8.0,7572.96,159032.16,2019-03-22,19:20,Card,151459.2,4.761904762,7572.96,8.5,High
15,189-17-4241,Normal,Female,Fashion accessories,31561.2,2.0,3156.12,66278.52,2019-03-10,12:17,Card,63122.4,4.761904762,3156.12,7.7,Medium
16,848-62-7243,Normal,Male,Health and beauty,8960.4,9.0,4032.18,84675.78,2019-03-15,15:36,Cash,80643.6,4.761904762,4032.18,7.4,Medium
17,595-11-5460,Normal,Male,Health and beauty,34768.8,2.0,3476.88,73014.48,2019-03-15,10:12,Card,69537.6,4.761904762,3476.88,5.1,Medium
18,129-29-8530,Member,Male,Sports and travel,22543.2,5.0,5635.8,118351.8,2019-03-10,19:15,Epay,112716.0,4.761904762,5635.8,7.0,Medium
19,272-65-1806,Normal,Female,Electronic accessories,21916.8,9.0,9862.56,207113.76,2019-01-15,17:17,Epay,197251.2,4.761904762,9862.56,4.7,Low
20,162-48-8011,Member,Female,Food and beverages,16052.4,5.0,4013.1,84275.1,2019-02-10,15:10,Cash,80262.0,4.761904762,4013.1,8.5,High
21,106-35-6779,Member,Male,Home and lifestyle,15962.4,2.0,1596.24,33521.04,2019-03-27,11:26,Cash,31924.8,4.761904762,1596.24,5.8,Medium
22,635-40-6220,Normal,Male,Health and beauty,32256.0,8.0,12902.4,270950.4,2019-02-07,11:28,Epay,258048.0,4.761904762,12902.4,6.6,Medium
23,817-48-8732,Member,Female,Home and lifestyle,26046.0,10.0,13023.0,273483.0,2019-01-20,15:55,Cash,260460.0,4.761904762,13023.0,5.4,Medium
24,199-75-8169,Member,Male,Sports and travel,5691.6,10.0,2845.8,59761.8,2019-03-06,12:27,Card,56916.0,4.761904762,2845.8,8.6,High
25,877-22-3308,Member,Male,Health and beauty,5713.2,10.0,2856.6,59988.6,2019-03-13,16:40,Cash,57132.0,4.761904762,2856.6,5.8,Medium
26,232-11-3025,Normal,Male,Sports and travel,28357.2,10.0,14178.6,297750.6,2019-01-24,10:04,Cash,283572.0,4.761904762,14178.6,6.4,Medium
27,382-03-4532,Member,Female,Health and beauty,6598.8,1.0,329.94,6928.74,2019-02-02,18:50,Cash,6598.8,4.761904762,329.94,4.3,Low
28,287-21-9091,Normal,Male,Home and lifestyle,26881.2,9.0,12096.54,254027.34,2019-01-22,10:55,Epay,241930.8,4.761904762,12096.54,9.4,High
29,381-20-0914,Member,Female,Fashion accessories,7203.6,9.0,3241.62,68074.02,2019-01-12,15:48,Card,64832.4,4.761904762,3241.62,5.7,Medium
30,633-44-8566,Member,Male,Food and beverages,17776.8,7.0,6221.88,130659.48,2019-03-27,20:35,Card,124437.6,4.761904762,6221.88,7.3,Medium
31,504-35-8843,Normal,Male,Sports and travel,15289.2,1.0,764.46,16053.66,2019-01-02,16:57,Cash,15289.2,4.761904762,764.46,5.7,Medium
32,873-51-0671,Member,Female,Sports and travel,7912.8,7.0,2769.48,58159.08,2019-01-10,16:42,Epay,55389.6,4.761904762,2769.48,5.1,Medium
33,594-34-4444,Normal,Male,Electronic accessories,34977.6,1.0,1748.88,36726.48,2019-03-08,20:38,Epay,34977.6,4.761904762,1748.88,7.2,Medium
34,865-92-6136,Normal,Male,Food and beverages,18990.0,3.0,2848.5,59818.5,2019-03-23,10:16,Epay,56970.0,4.761904762,2848.5,9.3,High
35,212-62-1842,Normal,Male,Food and beverages,20973.6,6.0,6292.08,132133.68,2019-03-28,16:44,Cash,125841.6,4.761904762,6292.08,9.9,High
36,704-48-3927,Member,Male,Electronic accessories,31921.2,10.0,15960.6,335172.6,2019-01-12,14:50,Epay,319212.0,4.761904762,15960.6,7.3,Medium
37,630-74-5166,Normal,Male,Sports and travel,22366.8,6.0,6710.04,140910.84,2019-03-22,20:19,Cash,134200.8,4.761904762,6710.04,7.4,Medium
38,645-44-1170,Member,Male,Home and lifestyle,20905.2,9.0,9407.34,197554.14,2019-01-19,20:07,Epay,188146.8,4.761904762,9407.34,4.3,Low
39,642-32-2990,Normal,Female,Food and beverages,3945.6,10.0,1972.8,41428.8,2019-02-02,20:48,Epay,39456.0,4.761904762,1972.8,6.0,Medium
40,638-60-7125,Normal,Female,Electronic accessories,35841.6,8.0,14336.64,301069.44,2019-02-14,17:03,Card,286732.8,4.761904762,14336.64,5.2,Medium
41,668-90-8900,Normal,Female,Home and lifestyle,33728.4,7.0,11804.94,247903.74,2019-03-10,18:44,Card,236098.8,4.761904762,11804.94,4.5,Low
42,870-54-3162,Normal,Female,Sports and travel,11610.0,5.0,2902.5,60952.5,2019-01-27,13:26,Cash,58050.0,4.761904762,2902.5,9.0,High
43,802-70-5316,Member,Female,Sports and travel,33166.8,6.0,9950.04,208950.84,2019-03-06,20:34,Cash,199000.8,4.761904762,9950.04,8.3,High
44,700-81-1757,Normal,Female,Electronic accessories,9471.6,5.0,2367.9,49725.9,2019-01-18,20:59,Card,47358.0,4.761904762,2367.9,8.8,High
45,354-39-5160,Member,Female,Home and lifestyle,12391.2,6.0,3717.36,78064.56,2019-02-18,15:39,Cash,74347.2,4.761904762,3717.36,9.8,High
46,575-30-8091,Normal,Male,Sports and travel,26100.0,8.0,10440.0,219240.0,2019-03-16,19:25,Epay,208800.0,4.761904762,10440.0,9.2,High
47,239-10-7476,Normal,Female,Home and lifestyle,28062.0,6.0,8418.6,176790.6,2019-01-21,16:37,Epay,168372.0,4.761904762,8418.6,8.0,High
48,685-64-1609,Member,Female,Fashion accessories,10850.4,10.0,5425.2,113929.2,2019-02-10,12:28,Epay,108504.0,4.761904762,5425.2,9.2,High
49,238-49-0436,Normal,Male,Health and beauty,11685.6,8.0,4674.24,98159.04,2019-03-27,13:48,Card,93484.8,4.761904762,4674.24,4.9,Low
50,746-94-0204,Normal,Male,Fashion accessories,29966.4,9.0,13484.88,283182.48,2019-01-29,11:56,Card,269697.6,4.761904762,13484.88,7.4,Medium
51,782-95-9291,Member,Male,Food and beverages,33224.4,5.0,8306.1,174428.1,2019-02-20,15:55,Card,166122.0,4.761904762,8306.1,9.0,High
52,275-28-0149,Normal,Male,Sports and travel,22928.4,1.0,1146.42,24074.82,2019-02-25,16:21,Cash,22928.4,4.761904762,1146.42,6.0,Medium
53,101-17-6199,Normal,Male,Food and beverages,16484.4,7.0,5769.54,121160.34,2019-03-13,19:44,Card,115390.8,4.761904762,5769.54,7.0,Medium
54,687-47-8271,Normal,Male,Fashion accessories,35632.8,10.0,17816.4,374144.4,2019-02-08,16:20,Card,356328.0,4.761904762,17816.4,8.7,High
55,796-32-9050,Normal,Male,Food and beverages,18460.8,6.0,5538.24,116303.04,2019-01-19,16:31,Cash,110764.8,4.761904762,5538.24,6.5,Medium
56,105-31-1824,Member,Male,Sports and travel,25027.2,7.0,8759.52,183949.92,2019-02-01,15:10,Card,175190.4,4.761904762,8759.52,8.5,High
57,249-42-3782,Normal,Male,Health and beauty,25203.6,5.0,6300.9,132318.9,2019-01-03,11:36,Epay,126018.0,4.761904762,6300.9,5.5,Medium
58,827-26-2100,Member,Male,Home and lifestyle,12182.4,9.0,5482.08,115123.68,2019-03-21,16:21,Epay,109641.6,4.761904762,5482.08,8.8,High
59,175-54-2529,Member,Male,Food and beverages,7981.2,8.0,3192.48,67042.08,2019-03-03,17:01,Card,63849.6,4.761904762,3192.48,9.6,High
60,407-63-8975,Normal,Male,Food and beverages,26596.8,6.0,7979.04,167559.84,2019-03-23,19:16,Epay,159580.8,4.761904762,7979.04,4.4,Low
61,851-28-6367,Member,Male,Sports and travel,5580.0,10.0,2790.0,58590.0,2019-03-23,10:55,Epay,55800.0,4.761904762,2790.0,8.0,High
62,586-25-0848,Normal,Female,Sports and travel,4442.4,7.0,1554.84,32651.64,2019-03-04,11:19,Card,31096.8,4.761904762,1554.84,6.7,Medium
63,400-60-7251,Normal,Male,Home and lifestyle,26665.2,1.0,1333.26,27998.46,2019-02-10,12:50,Epay,26665.2,4.761904762,1333.26,9.9,High
64,831-07-6050,Normal,Male,Electronic accessories,11775.6,5.0,2943.9,61821.9,2019-03-19,11:30,Card,58878.0,4.761904762,2943.9,9.9,High
65,856-22-8149,Normal,Female,Home and lifestyle,9104.4,1.0,455.22,9559.62,2019-03-23,10:13,Epay,9104.4,4.761904762,455.22,6.1,Medium
66,749-24-1565,Normal,Female,Health and beauty,8290.8,9.0,3730.86,78348.06,2019-01-03,12:02,Epay,74617.2,4.761904762,3730.86,7.9,Medium
67,888-02-0338,Normal,Male,Electronic accessories,9442.8,9.0,4249.26,89234.46,2019-01-25,20:24,Epay,84985.2,4.761904762,4249.26,5.9,Medium
68,802-43-8934,Normal,Male,Home and lifestyle,6580.8,1.0,329.04,6909.84,2019-03-22,15:05,Card,6580.8,4.761904762,329.04,8.3,High
69,319-74-2561,Member,Female,Electronic accessories,34070.4,3.0,5110.56,107321.76,2019-02-21,16:55,Cash,102211.2,4.761904762,5110.56,5.5,Medium
70,213-72-6612,Normal,Male,Food and beverages,15570.0,2.0,1557.0,32697.0,2019-03-20,15:56,Cash,31140.0,4.761904762,1557.0,6.2,Medium
71,721-86-6247,Normal,Female,Home and lifestyle,22831.2,8.0,9132.48,191782.08,2019-03-11,12:55,Epay,182649.6,4.761904762,9132.48,7.4,Medium
72,157-13-5295,Member,Male,Health and beauty,18698.4,10.0,9349.2,196333.2,2019-03-09,18:24,Epay,186984.0,4.761904762,9349.2,6.5,Medium
73,645-78-8093,Normal,Female,Sports and travel,33530.4,2.0,3353.04,70413.84,2019-01-20,18:09,Epay,67060.8,4.761904762,3353.04,4.1,Low
74,478-06-7835,Normal,Male,Fashion accessories,32288.4,1.0,1614.42,33902.82,2019-01-11,11:20,Epay,32288.4,4.761904762,1614.42,4.9,Low
75,540-11-4336,Normal,Male,Food and beverages,8978.4,9.0,4040.28,84845.88,2019-01-11,16:49,Card,80805.6,4.761904762,4040.28,5.6,Medium
76,448-81-5016,Normal,Male,Health and beauty,21517.2,2.0,2151.72,45186.12,2019-03-11,12:01,Card,43034.4,4.761904762,2151.72,5.8,Medium
77,217-58-1179,Member,Male,Home and lifestyle,22554.0,4.0,4510.8,94726.8,2019-01-05,11:25,Cash,90216.0,4.761904762,4510.8,4.2,Low
78,530-90-9855,Member,Male,Home and lifestyle,17132.4,8.0,6852.96,143912.16,2019-01-01,14:47,Cash,137059.2,4.761904762,6852.96,5.7,Medium
79,604-70-6476,Member,Male,Fashion accessories,6458.4,5.0,1614.6,33906.6,2019-01-23,14:04,Epay,32292.0,4.761904762,1614.6,6.8,Medium
80,799-71-1548,Member,Male,Electronic accessories,27979.2,4.0,5595.84,117512.64,2019-01-07,16:11,Card,111916.8,4.761904762,5595.84,8.8,High
81,290-68-2984,Normal,Male,Home and lifestyle,8550.0,4.0,1710.0,35910.0,2019-03-16,11:22,Cash,34200.0,4.761904762,1710.0,5.2,Medium
82,704-11-6354,Member,Male,Home and lifestyle,21204.0,8.0,8481.6,178113.6,2019-01-06,11:23,Cash,169632.0,4.761904762,8481.6,8.9,High
83,366-93-0948,Member,Male,Electronic accessories,23886.0,1.0,1194.3,25080.3,2019-01-31,10:46,Card,23886.0,4.761904762,1194.3,9.7,High
84,729-09-9681,Member,Male,Home and lifestyle,9327.6,6.0,2798.28,58763.88,2019-02-05,10:16,Epay,55965.6,4.761904762,2798.28,8.7,High
85,151-16-1484,Member,Male,Electronic accessories,11610.0,4.0,2322.0,48762.0,2019-02-13,12:38,Epay,46440.0,4.761904762,2322.0,6.5,Medium
86,850-41-9669,Normal,Female,Electronic accessories,27021.6,9.0,12159.72,255354.12,2019-03-19,13:25,Epay,243194.4,4.761904762,12159.72,6.2,Medium
87,447-15-7839,Member,Female,Sports and travel,8006.4,10.0,4003.2,84067.2,2019-02-09,11:00,Cash,80064.0,4.761904762,4003.2,4.2,Low
88,253-12-6086,Member,Female,Sports and travel,35424.0,7.0,12398.4,260366.4,2019-03-12,12:43,Card,247968.0,4.761904762,12398.4,8.7,High
89,144-51-6085,Member,Male,Home and lifestyle,25466.4,4.0,5093.28,106958.88,2019-01-05,16:05,Card,101865.6,4.761904762,5093.28,4.4,Low
90,731-14-2199,Member,Female,Home and lifestyle,12794.4,10.0,6397.2,134341.2,2019-01-04,13:34,Epay,127944.0,4.761904762,6397.2,7.0,Medium
91,126-54-1082,Member,Female,Home and lifestyle,7754.4,9.0,3489.48,73279.08,2019-01-07,11:44,Card,69789.6,4.761904762,3489.48,8.8,High
92,633-91-1052,Normal,Female,Home and lifestyle,4330.8,2.0,433.08,9094.68,2019-01-27,15:51,Cash,8661.6,4.761904762,433.08,5.1,Medium
93,828-61-5674,Member,Male,Sports and travel,15847.2,10.0,7923.6,166395.6,2019-03-20,19:57,Card,158472.0,4.761904762,7923.6,9.6,High
94,136-08-6195,Normal,Female,Home and lifestyle,25185.6,8.0,10074.24,211559.04,2019-02-15,17:01,Card,201484.8,4.761904762,10074.24,6.4,Medium
95,490-29-1201,Normal,Female,Sports and travel,5522.4,1.0,276.12,5798.52,2019-01-06,11:09,Cash,5522.4,4.761904762,276.12,6.5,Medium
96,667-92-0055,Member,Male,Health and beauty,35938.8,6.0,10781.64,226414.44,2019-03-04,15:02,Epay,215632.8,4.761904762,10781.64,8.5,High
97,565-17-3836,Member,Female,Health and beauty,17161.2,4.0,3432.24,72077.04,2019-03-12,14:21,Cash,68644.8,4.761904762,3432.24,9.1,High
98,430-60-3493,Member,Female,Home and lifestyle,34156.8,7.0,11954.88,251052.48,2019-02-03,14:38,Cash,239097.6,4.761904762,11954.88,4.2,Low
99,278-97-7759,Member,Female,Electronic accessories,22492.8,1.0,1124.64,23617.44,2019-02-18,20:29,Cash,22492.8,4.761904762,1124.64,4.7,Low
100,316-68-6352,Member,Female,Food and beverages,13089.6,2.0,1308.96,27488.16,2019-01-21,10:00,Cash,26179.2,4.761904762,1308.96,7.1,Medium
101,744-02-5987,Member,Male,Home and lifestyle,28216.8,6.0,8465.04,177765.84,2019-01-10,14:16,Epay,169300.8,4.761904762,8465.04,5.8,Medium
102,307-83-9164,Member,Male,Home and lifestyle,21603.6,4.0,4320.72,90735.12,2019-01-25,15:54,Cash,86414.4,4.761904762,4320.72,4.5,Low
103,439-54-7422,Normal,Female,Electronic accessories,18428.4,4.0,3685.68,77399.28,2019-03-18,17:15,Card,73713.6,4.761904762,3685.68,4.7,Low
104,411-77-0180,Member,Male,Electronic accessories,25992.0,7.0,9097.2,191041.2,2019-03-26,20:14,Epay,181944.0,4.761904762,9097.2,4.3,Low
105,286-01-5402,Normal,Female,Sports and travel,14482.8,7.0,5068.98,106448.58,2019-03-30,13:22,Cash,101379.6,4.761904762,5068.98,9.6,High
106,803-17-8013,Member,Female,Home and lifestyle,31964.4,8.0,12785.76,268500.96,2019-02-17,17:09,Cash,255715.2,4.761904762,12785.76,4.1,Low
107,512-98-1403,Member,Female,Electronic accessories,9532.8,3.0,1429.92,30028.32,2019-03-21,10:40,Epay,28598.4,4.761904762,1429.92,4.7,Low
108,848-42-2560,Normal,Female,Fashion accessories,29487.6,2.0,2948.76,61923.96,2019-03-05,17:43,Cash,58975.2,4.761904762,2948.76,7.8,Medium
109,870-76-1733,Member,Female,Food and beverages,5122.8,5.0,1280.7,26894.7,2019-02-01,10:08,Card,25614.0,4.761904762,1280.7,4.4,Low
110,423-64-4619,Member,Female,Health and beauty,5598.0,9.0,2519.1,52901.1,2019-03-07,13:12,Cash,50382.0,4.761904762,2519.1,5.0,Medium
111,372-94-8041,Normal,Male,Health and beauty,5493.6,6.0,1648.08,34609.68,2019-02-15,18:03,Epay,32961.6,4.761904762,1648.08,9.8,High
112,563-91-7120,Normal,Female,Fashion accessories,22237.2,5.0,5559.3,116745.3,2019-03-08,13:21,Cash,111186.0,4.761904762,5559.3,6.7,Medium
113,746-54-5508,Normal,Male,Home and lifestyle,7747.2,6.0,2324.16,48807.36,2019-01-17,12:48,Card,46483.2,4.761904762,2324.16,9.4,High
114,815-11-1168,Member,Male,Food and beverages,35920.8,5.0,8980.2,188584.2,2019-03-09,19:09,Cash,179604.0,4.761904762,8980.2,5.4,Medium
115,340-66-0321,Member,Male,Electronic accessories,13089.6,4.0,2617.92,54976.32,2019-03-25,13:07,Cash,52358.4,4.761904762,2617.92,7.6,Medium
116,634-97-8956,Normal,Male,Food and beverages,11844.0,3.0,1776.6,37308.6,2019-02-17,17:27,Card,35532.0,4.761904762,1776.6,9.1,High
117,566-71-1091,Normal,Male,Fashion accessories,27727.2,5.0,6931.8,145567.8,2019-02-03,15:59,Cash,138636.0,4.761904762,6931.8,5.5,Medium
118,442-48-3607,Member,Male,Food and beverages,8452.8,2.0,845.28,17750.88,2019-03-14,11:21,Card,16905.6,4.761904762,845.28,7.9,Medium
119,527-09-6272,Member,Female,Electronic accessories,10242.0,5.0,2560.5,53770.5,2019-03-21,10:17,Card,51210.0,4.761904762,2560.5,9.1,High
120,898-04-2717,Normal,Male,Fashion accessories,27504.0,9.0,12376.8,259912.8,2019-03-19,15:49,Epay,247536.0,4.761904762,12376.8,7.5,Medium
121,150-89-8043,Normal,Male,Sports and travel,16074.0,3.0,2411.1,50633.1,2019-02-14,15:04,Cash,48222.0,4.761904762,2411.1,6.2,Medium
122,135-84-8019,Normal,Female,Fashion accessories,28054.8,9.0,12624.66,265117.86,2019-02-27,16:10,Epay,252493.2,4.761904762,12624.66,7.6,Medium
123,441-94-7118,Member,Male,Electronic accessories,25902.0,1.0,1295.1,27197.1,2019-02-04,12:14,Cash,25902.0,4.761904762,1295.1,7.3,Medium
124,531-80-1784,Normal,Male,Electronic accessories,9367.2,7.0,3278.52,68848.92,2019-03-28,17:38,Cash,65570.4,4.761904762,3278.52,5.1,Medium
125,834-61-8124,Normal,Male,Electronic accessories,18608.4,7.0,6512.94,136771.74,2019-01-26,18:22,Cash,130258.8,4.761904762,6512.94,5.5,Medium
126,612-36-5536,Member,Male,Food and beverages,29145.6,8.0,11658.24,244823.04,2019-02-17,11:12,Card,233164.8,4.761904762,11658.24,7.4,Medium
127,462-67-9126,Normal,Male,Home and lifestyle,26359.2,6.0,7907.76,166062.96,2019-01-21,17:44,Cash,158155.2,4.761904762,7907.76,7.2,Medium
128,468-88-0009,Member,Male,Home and lifestyle,23738.4,4.0,4747.68,99701.28,2019-03-24,10:29,Cash,94953.6,4.761904762,4747.68,6.0,Medium
129,254-31-0042,Member,Male,Electronic accessories,7740.0,9.0,3483.0,73143.0,2019-03-06,12:46,Card,69660.0,4.761904762,3483.0,7.8,Medium
130,422-29-8786,Normal,Female,Home and lifestyle,24152.4,5.0,6038.1,126800.1,2019-01-03,16:47,Card,120762.0,4.761904762,6038.1,9.1,High
131,667-23-5919,Member,Female,Fashion accessories,34812.0,5.0,8703.0,182763.0,2019-01-14,12:52,Epay,174060.0,4.761904762,8703.0,7.0,Medium
132,289-15-7034,Member,Male,Sports and travel,29638.8,4.0,5927.76,124482.96,2019-01-11,10:37,Card,118555.2,4.761904762,5927.76,7.5,Medium
133,662-72-2873,Normal,Female,Food and beverages,14738.4,5.0,3684.6,77376.6,2019-01-06,13:58,Epay,73692.0,4.761904762,3684.6,9.9,High
134,725-56-0833,Normal,Female,Health and beauty,11635.2,10.0,5817.6,122169.6,2019-02-20,16:49,Card,116352.0,4.761904762,5817.6,10.0,High
135,563-36-9814,Member,Male,Electronic accessories,27655.2,1.0,1382.76,29037.96,2019-02-13,18:27,Epay,27655.2,4.761904762,1382.76,7.2,Medium
136,308-47-4913,Member,Female,Sports and travel,18813.6,10.0,9406.8,197542.8,2019-03-09,12:45,Card,188136.0,4.761904762,9406.8,6.2,Medium
137,885-17-6250,Normal,Female,Health and beauty,28706.4,1.0,1435.32,30141.72,2019-03-06,10:36,Epay,28706.4,4.761904762,1435.32,7.3,Medium
138,726-27-2396,Normal,Female,Health and beauty,27900.0,5.0,6975.0,146475.0,2019-01-24,20:36,Epay,139500.0,4.761904762,6975.0,4.3,Low
139,316-01-3952,Normal,Female,Food and beverages,19537.2,5.0,4884.3,102570.3,2019-03-13,14:16,Epay,97686.0,4.761904762,4884.3,4.6,Low
140,882-40-4577,Member,Male,Sports and travel,24213.6,4.0,4842.72,101697.12,2019-01-19,15:28,Card,96854.4,4.761904762,4842.72,8.0,High
141,732-67-5346,Normal,Male,Food and beverages,4964.4,5.0,1241.1,26063.1,2019-01-11,19:07,Card,24822.0,4.761904762,1241.1,7.8,Medium
142,256-08-8343,Normal,Female,Home and lifestyle,20350.8,4.0,4070.16,85473.36,2019-03-04,19:48,Epay,81403.2,4.761904762,4070.16,5.5,Medium
143,132-23-6451,Member,Male,Health and beauty,7549.2,5.0,1887.3,39633.3,2019-01-04,13:21,Cash,37746.0,4.761904762,1887.3,7.8,Medium
144,696-90-2548,Normal,Male,Sports and travel,9302.4,3.0,1395.36,29302.56,2019-03-10,18:55,Epay,27907.2,4.761904762,1395.36,6.6,Medium
145,472-15-9636,Normal,Male,Home and lifestyle,18334.8,8.0,7333.92,154012.32,2019-03-22,19:36,Epay,146678.4,4.761904762,7333.92,9.2,High
146,745-71-3520,Member,Female,Electronic accessories,9079.2,7.0,3177.72,66732.12,2019-02-04,10:23,Cash,63554.4,4.761904762,3177.72,8.2,High
147,269-10-8440,Member,Male,Health and beauty,19141.2,7.0,6699.42,140687.82,2019-01-21,18:01,Cash,133988.4,4.761904762,6699.42,8.9,High
148,325-77-6186,Member,Female,Home and lifestyle,32634.0,10.0,16317.0,342657.0,2019-03-08,10:53,Epay,326340.0,4.761904762,16317.0,7.3,Medium
149,459-50-7686,Normal,Female,Electronic accessories,8445.6,6.0,2533.68,53207.28,2019-01-13,19:14,Epay,50673.6,4.761904762,2533.68,6.4,Medium
150,345-08-4992,Normal,Male,Home and lifestyle,12236.4,6.0,3670.92,77089.32,2019-03-08,15:37,Card,73418.4,4.761904762,3670.92,7.7,Medium
151,138-17-5109,Member,Female,Home and lifestyle,32115.6,9.0,14452.02,303492.42,2019-01-15,15:42,Card,289040.4,4.761904762,14452.02,6.5,Medium
152,301-11-9629,Normal,Female,Sports and travel,6876.0,7.0,2406.6,50538.6,2019-01-15,10:43,Cash,48132.0,4.761904762,2406.6,9.7,High
153,727-17-0390,Normal,Female,Food and beverages,22899.6,5.0,5724.9,120222.9,2019-03-16,12:43,Epay,114498.0,4.761904762,5724.9,4.8,Low
154,568-88-3448,Normal,Male,Health and beauty,9000.0,1.0,450.0,9450.0,2019-03-03,15:09,Epay,9000.0,4.761904762,450.0,5.5,Medium
155,187-83-5490,Member,Male,Electronic accessories,7477.2,4.0,1495.44,31404.24,2019-01-31,13:47,Cash,29908.8,4.761904762,1495.44,4.7,Low
156,470-32-9057,Member,Male,Food and beverages,18482.4,5.0,4620.6,97032.6,2019-03-28,15:31,Card,92412.0,4.761904762,4620.6,9.1,High
157,340-21-9136,Member,Female,Sports and travel,14418.0,4.0,2883.6,60555.6,2019-01-25,11:40,Cash,57672.0,4.761904762,2883.6,9.7,High
158,405-31-3305,Member,Male,Fashion accessories,15526.8,10.0,7763.4,163031.4,2019-02-02,18:31,Card,155268.0,4.761904762,7763.4,5.5,Medium
159,676-39-6028,Member,Female,Electronic accessories,23198.4,5.0,5799.6,121791.6,2019-03-30,17:04,Cash,115992.0,4.761904762,5799.6,6.6,Medium
160,502-05-1910,Normal,Male,Health and beauty,23464.8,3.0,3519.72,73914.12,2019-02-25,20:35,Card,70394.4,4.761904762,3519.72,6.3,Medium
161,485-30-8700,Normal,Female,Sports and travel,11973.6,5.0,2993.4,62861.4,2019-03-18,16:10,Card,59868.0,4.761904762,2993.4,4.2,Low
162,575-67-1508,Normal,Male,Electronic accessories,13896.0,1.0,694.8,14590.8,2019-01-29,11:26,Epay,13896.0,4.761904762,694.8,6.7,Medium
163,674-15-9296,Normal,Male,Sports and travel,13370.4,5.0,3342.6,70194.6,2019-01-08,13:05,Epay,66852.0,4.761904762,3342.6,5.0,Medium
164,795-49-7276,Normal,Male,Fashion accessories,13374.0,4.0,2674.8,56170.8,2019-03-23,18:59,Epay,53496.0,4.761904762,2674.8,8.3,High
165,510-09-5628,Member,Female,Fashion accessories,7077.6,10.0,3538.8,74314.8,2019-03-15,18:20,Card,70776.0,4.761904762,3538.8,7.2,Medium
166,420-18-8989,Member,Female,Sports and travel,18547.2,8.0,7418.88,155796.48,2019-02-02,15:47,Cash,148377.6,4.761904762,7418.88,9.6,High
167,726-29-6793,Member,Male,Electronic accessories,8704.8,8.0,3481.92,73120.32,2019-01-28,20:54,Epay,69638.4,4.761904762,3481.92,9.8,High
168,209-61-0206,Normal,Female,Home and lifestyle,15447.6,5.0,3861.9,81099.9,2019-01-05,17:29,Epay,77238.0,4.761904762,3861.9,6.1,Medium
169,595-27-4851,Normal,Female,Fashion accessories,19540.8,7.0,6839.28,143624.88,2019-01-27,18:05,Epay,136785.6,4.761904762,6839.28,9.3,High
170,189-52-0236,Normal,Male,Electronic accessories,35838.0,7.0,12543.3,263409.3,2019-03-14,12:07,Cash,250866.0,4.761904762,12543.3,7.6,Medium
171,220-28-1851,Normal,Male,Home and lifestyle,12502.8,2.0,1250.28,26255.88,2019-03-01,18:14,Epay,25005.6,4.761904762,1250.28,9.7,High
172,609-81-8548,Member,Female,Home and lifestyle,13478.4,6.0,4043.52,84913.92,2019-02-06,13:55,Card,80870.4,4.761904762,4043.52,5.9,Medium
173,534-01-4457,Normal,Male,Food and beverages,29415.6,6.0,8824.68,185318.28,2019-01-27,14:36,Card,176493.6,4.761904762,8824.68,8.0,High
174,719-89-8991,Member,Female,Sports and travel,32907.6,5.0,8226.9,172764.9,2019-02-25,16:03,Epay,164538.0,4.761904762,8226.9,7.1,Medium
175,827-77-7633,Normal,Male,Sports and travel,35312.4,9.0,15890.58,333702.18,2019-02-17,19:41,Cash,317811.6,4.761904762,15890.58,9.3,High
176,287-83-1405,Normal,Male,Health and beauty,9154.8,6.0,2746.44,57675.24,2019-02-12,19:01,Epay,54928.8,4.761904762,2746.44,7.0,Medium
177,435-13-4908,Member,Male,Fashion accessories,31204.8,8.0,12481.92,262120.32,2019-01-24,18:04,Card,249638.4,4.761904762,12481.92,7.2,Medium
178,892-05-6689,Normal,Female,Home and lifestyle,10195.2,5.0,2548.8,53524.8,2019-03-11,13:28,Epay,50976.0,4.761904762,2548.8,6.2,Medium
179,643-38-7867,Normal,Male,Home and lifestyle,35258.4,1.0,1762.92,37021.32,2019-03-07,11:44,Epay,35258.4,4.761904762,1762.92,6.9,Medium
180,308-81-0538,Normal,Female,Fashion accessories,26298.0,4.0,5259.6,110451.6,2019-02-25,17:16,Card,105192.0,4.761904762,5259.6,4.9,Low
181,460-35-4390,Normal,Male,Home and lifestyle,11044.8,3.0,1656.72,34791.12,2019-01-22,11:00,Epay,33134.4,4.761904762,1656.72,9.1,High
182,647-50-1224,Normal,Female,Fashion accessories,10591.2,10.0,5295.6,111207.6,2019-01-12,16:23,Epay,105912.0,4.761904762,5295.6,8.9,High
183,541-48-8554,Normal,Male,Sports and travel,21942.0,9.0,9873.9,207351.9,2019-01-07,12:08,Card,197478.0,4.761904762,9873.9,6.0,Medium
184,213-32-1216,Normal,Female,Electronic accessories,23781.6,6.0,7134.48,149824.08,2019-01-23,10:28,Cash,142689.6,4.761904762,7134.48,7.3,Medium
185,134-75-2619,Member,Male,Electronic accessories,6955.2,7.0,2434.32,51120.72,2019-03-25,18:51,Cash,48686.4,4.761904762,2434.32,6.9,Medium
186,712-39-0363,Member,Male,Food and beverages,14997.6,6.0,4499.28,94484.88,2019-01-02,15:24,Epay,89985.6,4.761904762,4499.28,5.6,Medium
187,218-59-9410,Member,Female,Home and lifestyle,26071.2,3.0,3910.68,82124.28,2019-03-29,16:54,Epay,78213.6,4.761904762,3910.68,8.2,High
188,760-90-2357,Member,Male,Electronic accessories,26823.6,6.0,8047.08,168988.68,2019-03-20,15:08,Epay,160941.6,4.761904762,8047.08,5.0,Medium
189,698-98-5964,Normal,Female,Food and beverages,29235.6,10.0,14617.8,306973.8,2019-01-17,13:01,Card,292356.0,4.761904762,14617.8,6.3,Medium
190,651-88-7328,Normal,Female,Fashion accessories,23666.4,9.0,10649.88,223647.48,2019-01-01,13:55,Cash,212997.6,4.761904762,10649.88,7.7,Medium
191,239-48-4278,Member,Male,Food and beverages,3646.8,7.0,1276.38,26803.98,2019-03-10,19:35,Epay,25527.6,4.761904762,1276.38,8.3,High
192,550-84-8664,Normal,Male,Sports and travel,30927.6,5.0,7731.9,162369.9,2019-03-22,14:33,Card,154638.0,4.761904762,7731.9,8.6,High
193,797-88-0493,Normal,Female,Health and beauty,23137.2,4.0,4627.44,97176.24,2019-03-26,13:54,Cash,92548.8,4.761904762,4627.44,7.7,Medium
194,443-82-0585,Member,Female,Health and beauty,27964.8,4.0,5592.96,117452.16,2019-02-01,19:54,Cash,111859.2,4.761904762,5592.96,8.4,High
195,127-47-6963,Normal,Male,Health and beauty,18615.6,4.0,3723.12,78185.52,2019-03-09,13:53,Card,74462.4,4.761904762,3723.12,9.8,High
196,278-86-2735,Normal,Female,Food and beverages,18842.4,3.0,2826.36,59353.56,2019-03-27,14:03,Cash,56527.2,4.761904762,2826.36,9.2,High
197,695-28-6250,Normal,Female,Sports and travel,15501.6,5.0,3875.4,81383.4,2019-02-04,16:38,Epay,77508.0,4.761904762,3875.4,7.7,Medium
198,227-50-3718,Normal,Male,Health and beauty,5263.2,5.0,1315.8,27631.8,2019-03-04,12:23,Cash,26316.0,4.761904762,1315.8,4.4,Low
199,560-49-6611,Member,Female,Sports and travel,16408.8,1.0,820.44,17229.24,2019-02-07,14:13,Cash,16408.8,4.761904762,820.44,9.8,High
200,880-35-0356,Member,Female,Sports and travel,27072.0,3.0,4060.8,85276.8,2019-02-05,11:51,Epay,81216.0,4.761904762,4060.8,4.8,Low
201,152-68-2907,Normal,Male,Food and beverages,18792.0,3.0,2818.8,59194.8,2019-02-15,13:30,Card,56376.0,4.761904762,2818.8,9.5,High
202,334-64-2006,Member,Female,Home and lifestyle,25315.2,2.0,2531.52,53161.92,2019-03-24,14:22,Epay,50630.4,4.761904762,2531.52,9.6,High
203,559-98-9873,Member,Female,Fashion accessories,19314.0,7.0,6759.9,141957.9,2019-02-10,12:56,Epay,135198.0,4.761904762,6759.9,5.2,Medium
204,318-12-0304,Normal,Male,Fashion accessories,11019.6,1.0,550.98,11570.58,2019-01-23,12:20,Epay,11019.6,4.761904762,550.98,5.2,Medium
205,421-95-9805,Normal,Female,Electronic accessories,10425.6,1.0,521.28,10946.88,2019-02-07,10:18,Card,10425.6,4.761904762,521.28,6.2,Medium
206,443-59-0061,Member,Male,Food and beverages,24282.0,10.0,12141.0,254961.0,2019-02-03,11:25,Epay,242820.0,4.761904762,12141.0,4.2,Low
207,509-29-3912,Member,Female,Sports and travel,13939.2,9.0,6272.64,131725.44,2019-03-20,12:24,Epay,125452.8,4.761904762,6272.64,4.2,Low
208,828-46-6863,Member,Male,Food and beverages,35470.8,6.0,10641.24,223466.04,2019-01-23,11:22,Card,212824.8,4.761904762,10641.24,4.0,Low
209,420-97-3340,Normal,Female,Food and beverages,25804.8,3.0,3870.72,81285.12,2019-03-28,15:30,Card,77414.4,4.761904762,3870.72,9.2,High
210,436-54-4512,Member,Female,Food and beverages,32979.6,1.0,1648.98,34628.58,2019-03-20,19:44,Cash,32979.6,4.761904762,1648.98,9.8,High
211,816-57-2053,Normal,Male,Sports and travel,21913.2,2.0,2191.32,46017.72,2019-03-09,12:37,Epay,43826.4,4.761904762,2191.32,8.7,High
212,856-66-2701,Member,Male,Home and lifestyle,19188.0,3.0,2878.2,60442.2,2019-01-25,14:19,Epay,57564.0,4.761904762,2878.2,7.5,Medium
213,308-39-1707,Normal,Female,Fashion accessories,4352.4,1.0,217.62,4570.02,2019-01-26,18:19,Card,4352.4,4.761904762,217.62,8.2,High
214,149-61-1929,Normal,Male,Sports and travel,23108.4,10.0,11554.2,242638.2,2019-01-19,14:08,Card,231084.0,4.761904762,11554.2,6.7,Medium
215,655-07-2265,Normal,Male,Electronic accessories,28191.6,3.0,4228.74,88803.54,2019-03-05,16:38,Epay,84574.8,4.761904762,4228.74,5.4,Medium
216,589-02-8023,Member,Male,Food and beverages,30157.2,2.0,3015.72,63330.12,2019-01-15,10:54,Card,60314.4,4.761904762,3015.72,7.0,Medium
217,610-46-4100,Normal,Male,Health and beauty,10422.0,7.0,3647.7,76601.7,2019-03-03,20:31,Card,72954.0,4.761904762,3647.7,6.0,Medium
218,706-36-6154,Member,Male,Home and lifestyle,6969.6,9.0,3136.32,65862.72,2019-01-18,18:43,Epay,62726.4,4.761904762,3136.32,8.7,High
219,742-04-5161,Member,Male,Home and lifestyle,26200.8,10.0,13100.4,275108.4,2019-02-03,17:24,Cash,262008.0,4.761904762,13100.4,7.3,Medium
220,169-52-4504,Normal,Female,Electronic accessories,5648.4,3.0,847.26,17792.46,2019-03-14,14:13,Card,16945.2,4.761904762,847.26,5.8,Medium
221,562-12-5430,Member,Female,Fashion accessories,31734.0,3.0,4760.1,99962.1,2019-01-18,10:11,Epay,95202.0,4.761904762,4760.1,7.9,Medium
222,816-72-8853,Member,Female,Sports and travel,10054.8,5.0,2513.7,52787.7,2019-01-29,15:48,Cash,50274.0,4.761904762,2513.7,5.9,Medium
223,491-38-3499,Member,Male,Fashion accessories,19962.0,1.0,998.1,20960.1,2019-02-26,17:46,Card,19962.0,4.761904762,998.1,4.9,Low
224,518-17-2983,Normal,Female,Fashion accessories,17506.8,4.0,3501.36,73528.56,2019-02-04,15:44,Epay,70027.2,4.761904762,3501.36,7.6,Medium
225,588-47-8641,Member,Male,Fashion accessories,20174.4,10.0,10087.2,211831.2,2019-01-14,19:30,Epay,201744.0,4.761904762,10087.2,4.4,Low
226,811-03-8790,Normal,Female,Electronic accessories,16372.8,10.0,8186.4,171914.4,2019-03-01,10:22,Card,163728.0,4.761904762,8186.4,4.8,Low
227,274-05-5470,Member,Female,Food and beverages,26449.2,4.0,5289.84,111086.64,2019-02-23,18:30,Cash,105796.8,4.761904762,5289.84,6.0,Medium
228,130-67-4723,Member,Male,Food and beverages,17460.0,6.0,5238.0,109998.0,2019-01-11,13:57,Epay,104760.0,4.761904762,5238.0,9.4,High
229,105-10-6182,Member,Male,Fashion accessories,7732.8,2.0,773.28,16238.88,2019-02-27,12:22,Epay,15465.6,4.761904762,773.28,6.6,Medium
230,648-83-1321,Member,Male,Home and lifestyle,22881.6,10.0,11440.8,240256.8,2019-01-16,17:59,Cash,228816.0,4.761904762,11440.8,4.3,Low
231,305-03-2383,Normal,Female,Food and beverages,24156.0,3.0,3623.4,76091.4,2019-02-15,10:36,Cash,72468.0,4.761904762,3623.4,7.5,Medium
232,689-05-1884,Member,Male,Health and beauty,17506.8,10.0,8753.4,183821.4,2019-03-04,12:44,Cash,175068.0,4.761904762,8753.4,8.8,High
233,800-09-8606,Member,Female,Home and lifestyle,31453.2,5.0,7863.3,165129.3,2019-01-29,19:45,Cash,157266.0,4.761904762,7863.3,6.6,Medium
234,182-52-7000,Member,Female,Sports and travel,9734.4,4.0,1946.88,40884.48,2019-01-01,20:26,Epay,38937.6,4.761904762,1946.88,6.9,Medium
235,868-06-0466,Member,Male,Electronic accessories,25048.8,9.0,11271.96,236711.16,2019-02-19,19:38,Card,225439.2,4.761904762,11271.96,7.8,Medium
236,445-30-9252,Normal,Male,Sports and travel,9252.0,3.0,1387.8,29143.8,2019-01-17,17:59,Epay,27756.0,4.761904762,1387.8,6.1,Medium
237,786-94-2700,Member,Male,Food and beverages,29023.2,6.0,8706.96,182846.16,2019-02-28,20:18,Cash,174139.2,4.761904762,8706.96,9.1,High
238,258-92-7466,Normal,Female,Health and beauty,12844.8,5.0,3211.2,67435.2,2019-02-06,18:33,Card,64224.0,4.761904762,3211.2,6.6,Medium
239,857-16-3520,Member,Female,Fashion accessories,25725.6,7.0,9003.96,189083.16,2019-03-28,16:06,Epay,180079.2,4.761904762,9003.96,4.5,Low
240,482-17-1179,Member,Male,Electronic accessories,4298.4,3.0,644.76,13539.96,2019-01-19,12:47,Card,12895.2,4.761904762,644.76,8.1,High
241,788-21-5741,Normal,Male,Fashion accessories,16336.8,3.0,2450.52,51460.92,2019-02-17,13:34,Card,49010.4,4.761904762,2450.52,7.2,Medium
242,247-11-2470,Member,Female,Fashion accessories,8035.2,4.0,1607.04,33747.84,2019-03-01,16:23,Card,32140.8,4.761904762,1607.04,4.4,Low
243,635-28-5728,Normal,Male,Health and beauty,20160.0,3.0,3024.0,63504.0,2019-02-28,19:33,Epay,60480.0,4.761904762,3024.0,4.8,Low
244,756-49-0168,Member,Male,Fashion accessories,7092.0,1.0,354.6,7446.6,2019-02-08,11:39,Epay,7092.0,4.761904762,354.6,9.5,High
245,805-86-0265,Normal,Male,Home and lifestyle,33825.6,9.0,15221.52,319651.92,2019-03-20,11:32,Cash,304430.4,4.761904762,15221.52,9.8,High
246,373-14-0504,Member,Female,Sports and travel,25786.8,2.0,2578.68,54152.28,2019-02-12,14:33,Epay,51573.6,4.761904762,2578.68,8.8,High
247,546-80-2899,Member,Male,Home and lifestyle,13568.4,2.0,1356.84,28493.64,2019-02-20,15:29,Epay,27136.8,4.761904762,1356.84,9.5,High
248,585-86-8361,Normal,Female,Food and beverages,9820.8,5.0,2455.2,51559.2,2019-02-03,10:31,Card,49104.0,4.761904762,2455.2,8.6,High
249,807-14-7833,Member,Female,Electronic accessories,6271.2,10.0,3135.6,65847.6,2019-02-22,12:30,Epay,62712.0,4.761904762,3135.6,7.0,Medium
250,652-43-6591,Normal,Female,Fashion accessories,35024.4,8.0,14009.76,294204.96,2019-03-09,13:18,Card,280195.2,4.761904762,14009.76,6.2,Medium
251,406-46-7107,Normal,Female,Home and lifestyle,34747.2,6.0,10424.16,218907.36,2019-01-11,11:52,Cash,208483.2,4.761904762,10424.16,4.5,Low
252,250-17-5703,Member,Male,Food and beverages,6786.0,10.0,3393.0,71253.0,2019-02-27,18:24,Epay,67860.0,4.761904762,3393.0,5.6,Medium
253,156-95-3964,Normal,Female,Food and beverages,19940.4,4.0,3988.08,83749.68,2019-03-25,15:19,Epay,79761.6,4.761904762,3988.08,8.0,High
254,410-67-1709,Member,Female,Fashion accessories,22996.8,8.0,9198.72,193173.12,2019-01-20,17:48,Epay,183974.4,4.761904762,9198.72,9.9,High
255,587-73-4862,Member,Female,Health and beauty,3848.4,5.0,962.1,20204.1,2019-03-26,11:07,Epay,19242.0,4.761904762,962.1,7.6,Medium
256,787-87-2010,Member,Male,Health and beauty,19980.0,4.0,3996.0,83916.0,2019-01-20,15:48,Card,79920.0,4.761904762,3996.0,6.6,Medium
257,886-54-6089,Normal,Female,Home and lifestyle,4114.8,6.0,1234.44,25923.24,2019-01-15,17:24,Cash,24688.8,4.761904762,1234.44,7.7,Medium
258,534-53-3526,Normal,Female,Sports and travel,34113.6,4.0,6822.72,143277.12,2019-02-11,16:06,Epay,136454.4,4.761904762,6822.72,7.8,Medium
259,307-04-2070,Member,Female,Fashion accessories,11023.2,1.0,551.16,11574.36,2019-02-05,14:14,Card,11023.2,4.761904762,551.16,4.1,Low
260,404-91-5964,Normal,Male,Electronic accessories,26848.8,7.0,9397.08,197338.68,2019-02-04,16:09,Card,187941.6,4.761904762,9397.08,9.0,High
261,497-37-6538,Normal,Male,Sports and travel,21207.6,7.0,7422.66,155875.86,2019-01-17,15:15,Epay,148453.2,4.761904762,7422.66,9.7,High
262,651-96-5970,Normal,Male,Fashion accessories,16707.6,1.0,835.38,17542.98,2019-03-03,20:06,Card,16707.6,4.761904762,835.38,4.0,Low
263,263-12-5321,Member,Male,Electronic accessories,33336.0,7.0,11667.6,245019.6,2019-02-27,12:52,Card,233352.0,4.761904762,11667.6,9.3,High
264,702-72-0487,Normal,Female,Electronic accessories,16779.6,2.0,1677.96,35237.16,2019-02-26,12:28,Card,33559.2,4.761904762,1677.96,6.6,Medium
265,864-24-7918,Member,Female,Sports and travel,8816.4,10.0,4408.2,92572.2,2019-02-22,15:15,Cash,88164.0,4.761904762,4408.2,8.1,High
266,759-29-9521,Member,Female,Fashion accessories,17625.6,9.0,7931.52,166561.92,2019-03-04,11:27,Cash,158630.4,4.761904762,7931.52,8.0,High
267,220-68-6701,Normal,Female,Home and lifestyle,27889.2,4.0,5577.84,117134.64,2019-03-17,16:36,Cash,111556.8,4.761904762,5577.84,4.2,Low
268,618-34-8551,Normal,Female,Sports and travel,33544.8,2.0,3354.48,70444.08,2019-01-16,18:41,Card,67089.6,4.761904762,3354.48,8.5,High
269,257-60-7754,Normal,Female,Electronic accessories,18082.8,4.0,3616.56,75947.76,2019-01-08,17:12,Cash,72331.2,4.761904762,3616.56,9.0,High
270,380-60-5336,Normal,Female,Electronic accessories,14493.6,10.0,7246.8,152182.8,2019-02-24,18:06,Card,144936.0,4.761904762,7246.8,5.0,Medium
271,674-56-6360,Normal,Male,Electronic accessories,34254.0,1.0,1712.7,35966.7,2019-03-22,14:00,Cash,34254.0,4.761904762,1712.7,6.0,Medium
272,778-34-2523,Member,Female,Electronic accessories,17503.2,8.0,7001.28,147026.88,2019-01-24,10:57,Cash,140025.6,4.761904762,7001.28,5.0,Medium
273,832-51-6761,Normal,Male,Food and beverages,12196.8,8.0,4878.72,102453.12,2019-01-19,20:29,Epay,97574.4,4.761904762,4878.72,9.6,High
274,186-43-8965,Member,Female,Home and lifestyle,17164.8,2.0,1716.48,36046.08,2019-02-24,10:10,Card,34329.6,4.761904762,1716.48,4.1,Low
275,276-75-6884,Normal,Female,Health and beauty,24735.6,3.0,3710.34,77917.14,2019-03-04,10:05,Cash,74206.8,4.761904762,3710.34,8.7,High
276,569-76-2760,Member,Female,Sports and travel,7923.6,4.0,1584.72,33279.12,2019-01-29,18:15,Card,31694.4,4.761904762,1584.72,6.6,Medium
277,760-53-9233,Member,Male,Fashion accessories,14860.8,3.0,2229.12,46811.52,2019-03-26,18:37,Card,44582.4,4.761904762,2229.12,8.5,High
278,416-17-9926,Member,Female,Electronic accessories,26719.2,10.0,13359.6,280551.6,2019-01-01,14:42,Card,267192.0,4.761904762,13359.6,4.3,Low
279,237-44-6163,Normal,Male,Electronic accessories,3801.6,8.0,1520.64,31933.44,2019-01-24,17:43,Cash,30412.8,4.761904762,1520.64,7.6,Medium
280,528-14-9470,Member,Male,Health and beauty,32868.0,1.0,1643.4,34511.4,2019-02-14,14:42,Epay,32868.0,4.761904762,1643.4,9.2,High
281,807-34-3742,Normal,Male,Fashion accessories,18856.8,1.0,942.84,19799.64,2019-03-26,19:44,Cash,18856.8,4.761904762,942.84,5.8,Medium
282,288-62-1085,Member,Male,Fashion accessories,13874.4,5.0,3468.6,72840.6,2019-01-09,13:34,Epay,69372.0,4.761904762,3468.6,5.6,Medium
283,497-36-0989,Normal,Male,Fashion accessories,18698.4,3.0,2804.76,58899.96,2019-02-15,15:21,Cash,56095.2,4.761904762,2804.76,7.9,Medium
284,860-73-6466,Member,Female,Sports and travel,14209.2,2.0,1420.92,29839.32,2019-03-02,16:16,Card,28418.4,4.761904762,1420.92,5.0,Medium
285,896-34-0956,Normal,Male,Fashion accessories,7675.2,1.0,383.76,8058.96,2019-01-26,12:43,Cash,7675.2,4.761904762,383.76,5.9,Medium
286,804-38-3935,Member,Male,Electronic accessories,33760.8,3.0,5064.12,106346.52,2019-01-30,11:32,Card,101282.4,4.761904762,5064.12,5.9,Medium
287,585-90-0249,Member,Male,Electronic accessories,26373.6,1.0,1318.68,27692.28,2019-01-27,18:08,Epay,26373.6,4.761904762,1318.68,9.7,High
288,125-45-2293,Normal,Female,Fashion accessories,35676.0,6.0,10702.8,224758.8,2019-01-19,13:11,Cash,214056.0,4.761904762,10702.8,4.2,Low
289,843-73-4724,Normal,Male,Fashion accessories,26676.0,1.0,1333.8,28009.8,2019-01-25,11:05,Cash,26676.0,4.761904762,1333.8,9.2,High
290,409-33-9708,Normal,Female,Fashion accessories,35452.8,2.0,3545.28,74450.88,2019-02-19,10:12,Epay,70905.6,4.761904762,3545.28,9.2,High
291,160-22-2687,Member,Female,Health and beauty,34542.0,5.0,8635.5,181345.5,2019-01-23,14:21,Epay,172710.0,4.761904762,8635.5,8.8,High
292,748-45-2862,Member,Female,Home and lifestyle,10191.6,4.0,2038.32,42804.72,2019-03-07,18:35,Cash,40766.4,4.761904762,2038.32,8.2,High
293,316-66-3011,Member,Female,Food and beverages,17146.8,9.0,7716.06,162037.26,2019-01-23,12:35,Cash,154321.2,4.761904762,7716.06,5.0,Medium
294,840-76-5966,Member,Male,Sports and travel,4593.6,2.0,459.36,9646.56,2019-01-08,18:06,Epay,9187.2,4.761904762,459.36,7.8,Medium
295,124-31-1458,Member,Female,Electronic accessories,28652.4,3.0,4297.86,90255.06,2019-01-08,14:30,Cash,85957.2,4.761904762,4297.86,6.6,Medium
296,852-82-2749,Normal,Male,Sports and travel,23252.4,4.0,4650.48,97660.08,2019-01-06,13:35,Epay,93009.6,4.761904762,4650.48,9.3,High
297,873-14-6353,Member,Male,Food and beverages,8935.2,7.0,3127.32,65673.72,2019-02-16,10:33,Card,62546.4,4.761904762,3127.32,7.1,Medium
298,166-19-2553,Member,Male,Sports and travel,32061.6,6.0,9618.48,201988.08,2019-01-18,17:26,Cash,192369.6,4.761904762,9618.48,9.9,High
299,737-88-5876,Member,Male,Home and lifestyle,8384.4,4.0,1676.88,35214.48,2019-03-19,11:52,Card,33537.6,4.761904762,1676.88,5.9,Medium
300,448-61-3783,Normal,Female,Electronic accessories,32407.2,8.0,12962.88,272220.48,2019-03-21,16:08,Card,259257.6,4.761904762,12962.88,4.5,Low
301,291-55-6563,Member,Female,Home and lifestyle,12391.2,6.0,3717.36,78064.56,2019-03-30,12:45,Epay,74347.2,4.761904762,3717.36,7.5,Medium
302,548-48-3156,Member,Female,Food and beverages,30002.4,2.0,3000.24,63005.04,2019-03-19,13:37,Cash,60004.8,4.761904762,3000.24,7.6,Medium
303,460-93-5834,Normal,Male,Sports and travel,16408.8,7.0,5743.08,120604.68,2019-01-13,10:03,Cash,114861.6,4.761904762,5743.08,5.0,Medium
304,325-89-4209,Member,Male,Food and beverages,31644.0,1.0,1582.2,33226.2,2019-02-05,19:42,Epay,31644.0,4.761904762,1582.2,6.7,Medium
305,884-80-6021,Member,Female,Electronic accessories,26449.2,10.0,13224.6,277716.6,2019-03-23,13:14,Epay,264492.0,4.761904762,13224.6,9.5,High
306,880-46-5796,Member,Male,Sports and travel,27691.2,10.0,13845.6,290757.6,2019-03-17,19:53,Epay,276912.0,4.761904762,13845.6,5.6,Medium
307,146-09-5432,Member,Male,Food and beverages,12614.4,9.0,5676.48,119206.08,2019-02-09,19:17,Epay,113529.6,4.761904762,5676.48,4.6,Low
308,595-94-9924,Member,Female,Health and beauty,9982.8,5.0,2495.7,52409.7,2019-03-26,20:21,Card,49914.0,4.761904762,2495.7,4.2,Low
309,865-41-9075,Normal,Male,Food and beverages,4150.8,7.0,1452.78,30508.38,2019-01-28,17:35,Cash,29055.6,4.761904762,1452.78,8.1,High
310,186-71-5196,Member,Female,Food and beverages,28634.4,2.0,2863.44,60132.24,2019-03-27,16:30,Epay,57268.8,4.761904762,2863.44,6.2,Medium
311,453-33-6436,Normal,Female,Home and lifestyle,33523.2,8.0,13409.28,281594.88,2019-02-07,10:09,Cash,268185.6,4.761904762,13409.28,6.8,Medium
312,522-57-8364,Member,Male,Fashion accessories,18482.4,8.0,7392.96,155252.16,2019-01-31,10:00,Epay,147859.2,4.761904762,7392.96,7.6,Medium
313,459-45-2396,Member,Female,Food and beverages,35856.0,3.0,5378.4,112946.4,2019-02-25,18:45,Cash,107568.0,4.761904762,5378.4,5.8,Medium
314,749-81-8133,Normal,Female,Fashion accessories,34081.2,4.0,6816.24,143141.04,2019-03-11,12:04,Cash,136324.8,4.761904762,6816.24,6.8,Medium
315,397-25-8725,Member,Female,Health and beauty,14263.2,9.0,6418.44,134787.24,2019-01-13,17:54,Card,128368.8,4.761904762,6418.44,6.8,Medium
316,243-55-8457,Normal,Female,Food and beverages,26798.4,10.0,13399.2,281383.2,2019-02-27,11:40,Epay,267984.0,4.761904762,13399.2,5.1,Medium
317,361-85-2571,Normal,Female,Sports and travel,32212.8,5.0,8053.2,169117.2,2019-03-30,10:18,Cash,161064.0,4.761904762,8053.2,7.4,Medium
318,131-70-8179,Member,Female,Health and beauty,33152.4,3.0,4972.86,104430.06,2019-02-17,16:27,Cash,99457.2,4.761904762,4972.86,4.2,Low
319,720-72-2436,Normal,Male,Food and beverages,23947.2,4.0,4789.44,100578.24,2019-03-02,18:14,Epay,95788.8,4.761904762,4789.44,6.9,Medium
320,809-69-9497,Normal,Female,Home and lifestyle,16444.8,10.0,8222.4,172670.4,2019-01-19,19:30,Epay,164448.0,4.761904762,8222.4,5.7,Medium
321,449-16-6770,Normal,Male,Health and beauty,18284.4,5.0,4571.1,95993.1,2019-02-19,14:53,Card,91422.0,4.761904762,4571.1,5.3,Medium
322,333-23-2632,Member,Male,Health and beauty,3628.8,7.0,1270.08,26671.68,2019-03-28,20:14,Cash,25401.6,4.761904762,1270.08,4.2,Low
323,489-82-1237,Normal,Female,Electronic accessories,33796.8,7.0,11828.88,248406.48,2019-01-05,11:51,Card,236577.6,4.761904762,11828.88,7.3,Medium
324,846-10-0341,Normal,Female,Fashion accessories,15325.2,7.0,5363.82,112640.22,2019-01-06,11:51,Cash,107276.4,4.761904762,5363.82,6.8,Medium
325,384-59-6655,Member,Female,Food and beverages,35517.6,9.0,15982.92,335641.32,2019-02-19,15:07,Cash,319658.4,4.761904762,15982.92,8.4,High
326,324-92-3863,Member,Male,Electronic accessories,7520.4,2.0,752.04,15792.84,2019-02-05,18:45,Cash,15040.8,4.761904762,752.04,9.8,High
327,593-08-5916,Normal,Female,Fashion accessories,5580.0,1.0,279.0,5859.0,2019-03-19,15:23,Card,5580.0,4.761904762,279.0,7.4,Medium
328,558-60-5016,Normal,Female,Home and lifestyle,11988.0,9.0,5394.6,113286.6,2019-03-04,15:27,Epay,107892.0,4.761904762,5394.6,7.2,Medium
329,195-06-0432,Member,Male,Home and lifestyle,29163.6,3.0,4374.54,91865.34,2019-01-13,12:55,Card,87490.8,4.761904762,4374.54,9.3,High
330,605-03-2706,Normal,Female,Health and beauty,5688.0,3.0,853.2,17917.2,2019-03-25,18:02,Cash,17064.0,4.761904762,853.2,9.5,High
331,531-56-4728,Normal,Male,Home and lifestyle,28828.8,3.0,4324.32,90810.72,2019-02-11,15:29,Cash,86486.4,4.761904762,4324.32,5.4,Medium
332,221-25-5073,Normal,Female,Food and beverages,26877.6,4.0,5375.52,112885.92,2019-03-04,10:39,Cash,107510.4,4.761904762,5375.52,8.5,High
333,809-46-1866,Normal,Male,Health and beauty,20934.0,4.0,4186.8,87922.8,2019-01-23,17:44,Cash,83736.0,4.761904762,4186.8,8.4,High
334,139-32-4183,Member,Female,Sports and travel,35092.8,9.0,15791.76,331626.96,2019-03-14,14:19,Epay,315835.2,4.761904762,15791.76,7.4,Medium
335,886-18-2897,Normal,Female,Food and beverages,20361.6,5.0,5090.4,106898.4,2019-03-22,19:06,Card,101808.0,4.761904762,5090.4,4.5,Low
336,745-74-0715,Normal,Male,Electronic accessories,20890.8,2.0,2089.08,43870.68,2019-03-10,20:46,Epay,41781.6,4.761904762,2089.08,8.8,High
337,727-02-1313,Member,Male,Food and beverages,11462.4,1.0,573.12,12035.52,2019-02-09,13:22,Cash,11462.4,4.761904762,573.12,7.7,Medium
338,347-56-2442,Normal,Male,Home and lifestyle,23695.2,1.0,1184.76,24879.96,2019-02-22,15:33,Cash,23695.2,4.761904762,1184.76,4.1,Low
339,849-09-3807,Member,Female,Fashion accessories,31802.4,7.0,11130.84,233747.64,2019-02-18,13:28,Cash,222616.8,4.761904762,11130.84,6.6,Medium
